{
  "lang":"en",
  "name":"pipeline",
  "version":"0.0.0",
  "spacy_version":">=3.4.1,<3.5.0",
  "description":"",
  "author":"",
  "email":"",
  "url":"",
  "license":"",
  "spacy_git_version":"5c2a00cef",
  "vectors":{
    "width":0,
    "vectors":0,
    "keys":0,
    "name":null,
    "mode":"default"
  },
  "labels":{
    "tok2vec":[

    ],
    "ner":[
      "CAUSE",
      "DISEASE",
      "MEDICINE",
      "PREVENTION",
      "TREATMENT"
    ]
  },
  "pipeline":[
    "tok2vec",
    "ner"
  ],
  "components":[
    "tok2vec",
    "ner"
  ],
  "disabled":[

  ],
  "performance":{
    "ents_f":0.9834801762,
    "ents_p":0.9823982398,
    "ents_r":0.9845644983,
    "ents_per_type":{
      "CAUSE":{
        "p":0.9464285714,
        "r":1.0,
        "f":0.9724770642
      },
      "DISEASE":{
        "p":0.993166287,
        "r":0.9864253394,
        "f":0.989784336
      },
      "PREVENTION":{
        "p":0.992481203,
        "r":0.992481203,
        "f":0.992481203
      },
      "MEDICINE":{
        "p":0.9436619718,
        "r":0.9503546099,
        "f":0.9469964664
      },
      "TREATMENT":{
        "p":0.9928057554,
        "r":1.0,
        "f":0.9963898917
      }
    },
    "tok2vec_loss":96.261535927,
    "ner_loss":1165.4261745146
  }
}